x-axis,1,2
second,Volt,Volt
-0.00100006377656,1.59284,0.0362186
-0.000999063776562,1.63304,0.0442588
-0.000998063776562,1.63304,0.0362186
-0.000997063776562,1.67324,0.0362186
-0.000996063776562,1.67324,0.0442588
-0.000995063776562,1.67324,0.0442588
-0.000994063776562,1.71344,0.0362186
-0.000993063776562,1.63304,0.0362186
-0.000992063776562,1.67324,0.0442588
-0.000991063776562,1.67324,0.0362186
-0.000990063776562,1.67324,0.0362186
-0.000989063776562,1.67324,0.0281784
-0.000988063776562,1.71344,0.0281784
-0.000987063776562,1.67324,0.0362186
-0.000986063776562,1.67324,0.0362186
-0.000985063776562,1.71344,0.0281784
-0.000984063776562,1.71344,0.0362186
-0.000983063776562,1.71344,0.0281784
-0.000982063776562,1.71344,0.0362186
-0.000981063776562,1.71344,0.0442588
-0.000980063776562,1.67324,0.0281784
-0.000979063776562,1.71344,0.0362186
-0.000978063776562,1.71344,0.0442588
-0.000977063776562,1.71344,0.0442588
-0.000976063776562,1.67324,0.052299
-0.000975063776562,1.71344,0.052299
-0.000974063776562,1.75364,0.052299
-0.000973063776562,1.71344,0.0603392
-0.000972063776562,1.75364,0.0603392
-0.000971063776562,1.75364,0.0603392
-0.000970063776562,1.71344,0.0764196
-0.000969063776562,1.71344,0.0764196
-0.000968063776562,1.75364,0.0764196
-0.000967063776562,1.75364,0.0844598
-0.000966063776562,1.75364,0.0764196
-0.000965063776562,1.75364,0.0925
-0.000964063776562,1.75364,0.10054
-0.000963063776562,1.75364,0.0844598
-0.000962063776562,1.79384,0.0925
-0.000961063776562,1.75364,0.10858
-0.000960063776562,1.75364,0.10054
-0.000959063776562,1.75364,0.10858
-0.000958063776562,1.75364,0.124661
-0.000957063776562,1.75364,0.124661
-0.000956063776562,1.79384,0.124661
-0.000955063776562,1.79384,0.132701
-0.000954063776562,1.75364,0.140741
-0.000953063776562,1.79384,0.132701
-0.000952063776562,1.79384,0.148781
-0.000951063776562,1.75364,0.148781
-0.000950063776562,1.79384,0.156822
-0.000949063776562,1.79384,0.164862
-0.000948063776562,1.79384,0.164862
-0.000947063776562,1.83405,0.172902
-0.000946063776562,1.79384,0.180942
-0.000945063776562,1.83405,0.180942
-0.000944063776562,1.79384,0.188982
-0.000943063776562,1.83405,0.188982
-0.000942063776562,1.83405,0.205063
-0.000941063776562,1.87425,0.188982
-0.000940063776562,1.83405,0.205063
-0.000939063776562,1.83405,0.205063
-0.000938063776562,1.83405,0.221143
-0.000937063776562,1.87425,0.213103
-0.000936063776562,1.87425,0.221143
-0.000935063776562,1.87425,0.229183
-0.000934063776562,1.87425,0.229183
-0.000933063776562,1.87425,0.237224
-0.000932063776562,1.83405,0.253304
-0.000931063776562,1.87425,0.253304
-0.000930063776562,1.87425,0.253304
-0.000929063776562,1.83405,0.261344
-0.000928063776562,1.87425,0.269384
-0.000927063776562,1.87425,0.269384
-0.000926063776562,1.83405,0.269384
-0.000925063776562,1.91445,0.269384
-0.000924063776562,1.91445,0.277425
-0.000923063776562,1.87425,0.285465
-0.000922063776562,1.91445,0.285465
-0.000921063776562,1.87425,0.285465
-0.000920063776562,1.87425,0.285465
-0.000919063776562,1.87425,0.293505
-0.000918063776562,1.87425,0.293505
-0.000917063776562,1.91445,0.293505
-0.000916063776562,1.95465,0.293505
-0.000915063776562,1.91445,0.301545
-0.000914063776562,1.91445,0.301545
-0.000913063776562,1.91445,0.309585
-0.000912063776562,1.91445,0.309585
-0.000911063776562,1.91445,0.293505
-0.000910063776562,1.91445,0.309585
-0.000909063776562,1.95465,0.309585
-0.000908063776562,1.91445,0.301545
-0.000907063776562,1.99485,0.301545
-0.000906063776562,1.95465,0.301545
-0.000905063776562,1.99485,0.301545
-0.000904063776562,1.95465,0.301545
-0.000903063776562,1.95465,0.301545
-0.000902063776562,1.95465,0.301545
-0.000901063776562,1.95465,0.301545
-0.000900063776562,1.95465,0.301545
-0.000899063776562,1.99485,0.285465
-0.000898063776562,1.99485,0.293505
-0.000897063776562,1.95465,0.285465
-0.000896063776562,1.99485,0.301545
-0.000895063776562,1.99485,0.293505
-0.000894063776562,1.99485,0.285465
-0.000893063776562,1.99485,0.277425
-0.000892063776562,1.99485,0.285465
-0.000891063776562,1.99485,0.277425
-0.000890063776562,1.99485,0.277425
-0.000889063776562,1.99485,0.269384
-0.000888063776562,1.99485,0.277425
-0.000887063776562,2.03505,0.269384
-0.000886063776562,2.03505,0.269384
-0.000885063776562,1.99485,0.269384
-0.000884063776562,1.99485,0.261344
-0.000883063776562,2.03505,0.269384
-0.000882063776562,1.99485,0.261344
-0.000881063776562,2.03505,0.261344
-0.000880063776562,2.03505,0.261344
-0.000879063776562,2.03505,0.253304
-0.000878063776562,2.03505,0.261344
-0.000877063776562,2.03505,0.253304
-0.000876063776562,2.03505,0.253304
-0.000875063776562,2.07525,0.245264
-0.000874063776562,2.07525,0.245264
-0.000873063776562,2.03505,0.245264
-0.000872063776562,2.07525,0.245264
-0.000871063776562,2.03505,0.237224
-0.000870063776562,2.07525,0.237224
-0.000869063776562,2.03505,0.237224
-0.000868063776562,2.03505,0.237224
-0.000867063776562,2.03505,0.229183
-0.000866063776562,2.07525,0.229183
-0.000865063776562,2.07525,0.229183
-0.000864063776562,2.07525,0.229183
-0.000863063776562,2.07525,0.237224
-0.000862063776562,2.07525,0.237224
-0.000861063776562,2.07525,0.237224
-0.000860063776562,2.11545,0.229183
-0.000859063776562,2.07525,0.237224
-0.000858063776562,2.11545,0.229183
-0.000857063776562,2.11545,0.229183
-0.000856063776562,2.11545,0.237224
-0.000855063776562,2.11545,0.237224
-0.000854063776562,2.03505,0.237224
-0.000853063776562,2.11545,0.245264
-0.000852063776562,2.11545,0.245264
-0.000851063776562,2.11545,0.245264
-0.000850063776562,2.11545,0.253304
-0.000849063776562,2.11545,0.245264
-0.000848063776562,2.11545,0.253304
-0.000847063776562,2.15565,0.253304
-0.000846063776562,2.15565,0.245264
-0.000845063776562,2.15565,0.261344
-0.000844063776562,2.15565,0.261344
-0.000843063776562,2.15565,0.253304
-0.000842063776562,2.15565,0.261344
-0.000841063776562,2.15565,0.269384
-0.000840063776562,2.15565,0.261344
-0.000839063776562,2.15565,0.269384
-0.000838063776562,2.15565,0.269384
-0.000837063776562,2.15565,0.269384
-0.000836063776562,2.15565,0.277425
-0.000835063776562,2.15565,0.269384
-0.000834063776562,2.15565,0.269384
-0.000833063776562,2.15565,0.269384
-0.000832063776562,2.15565,0.277425
-0.000831063776562,2.15565,0.277425
-0.000830063776562,2.19585,0.285465
-0.000829063776562,2.15565,0.285465
-0.000828063776562,2.19585,0.277425
-0.000827063776562,2.23606,0.277425
-0.000826063776562,2.19585,0.277425
-0.000825063776562,2.19585,0.277425
-0.000824063776562,2.19585,0.277425
-0.000823063776562,2.19585,0.277425
-0.000822063776562,2.19585,0.285465
-0.000821063776562,2.23606,0.269384
-0.000820063776562,2.23606,0.277425
-0.000819063776562,2.23606,0.269384
-0.000818063776562,2.23606,0.269384
-0.000817063776562,2.19585,0.277425
-0.000816063776562,2.23606,0.269384
-0.000815063776562,2.19585,0.269384
-0.000814063776562,2.27626,0.261344
-0.000813063776562,2.19585,0.253304
-0.000812063776562,2.23606,0.253304
-0.000811063776562,2.23606,0.245264
-0.000810063776562,2.23606,0.245264
-0.000809063776562,2.23606,0.245264
-0.000808063776562,2.23606,0.245264
-0.000807063776562,2.27626,0.237224
-0.000806063776562,2.23606,0.237224
-0.000805063776562,2.23606,0.237224
-0.000804063776562,2.23606,0.237224
-0.000803063776562,2.23606,0.229183
-0.000802063776562,2.27626,0.221143
-0.000801063776562,2.27626,0.221143
-0.000800063776562,2.27626,0.221143
-0.000799063776562,2.27626,0.213103
-0.000798063776562,2.27626,0.221143
-0.000797063776562,2.27626,0.205063
-0.000796063776562,2.27626,0.213103
-0.000795063776562,2.27626,0.197023
-0.000794063776562,2.27626,0.213103
-0.000793063776562,2.27626,0.197023
-0.000792063776562,2.31646,0.197023
-0.000791063776562,2.35666,0.188982
-0.000790063776562,2.31646,0.188982
-0.000789063776562,2.31646,0.180942
-0.000788063776562,2.31646,0.180942
-0.000787063776562,2.31646,0.180942
-0.000786063776562,2.31646,0.180942
-0.000785063776562,2.31646,0.180942
-0.000784063776562,2.31646,0.180942
-0.000783063776562,2.35666,0.172902
-0.000782063776562,2.31646,0.172902
-0.000781063776562,2.35666,0.164862
-0.000780063776562,2.35666,0.172902
-0.000779063776562,2.35666,0.172902
-0.000778063776562,2.31646,0.164862
-0.000777063776562,2.35666,0.164862
-0.000776063776562,2.35666,0.164862
-0.000775063776562,2.35666,0.156822
-0.000774063776562,2.35666,0.156822
-0.000773063776562,2.35666,0.164862
-0.000772063776562,2.35666,0.164862
-0.000771063776562,2.35666,0.164862
-0.000770063776562,2.35666,0.164862
-0.000769063776562,2.39686,0.156822
-0.000768063776562,2.35666,0.164862
-0.000767063776562,2.39686,0.156822
-0.000766063776562,2.43706,0.156822
-0.000765063776562,2.39686,0.164862
-0.000764063776562,2.39686,0.164862
-0.000763063776562,2.39686,0.156822
-0.000762063776562,2.35666,0.164862
-0.000761063776562,2.39686,0.164862
-0.000760063776562,2.35666,0.172902
-0.000759063776562,2.43706,0.172902
-0.000758063776562,2.43706,0.172902
-0.000757063776562,2.39686,0.180942
-0.000756063776562,2.39686,0.172902
-0.000755063776562,2.43706,0.180942
-0.000754063776562,2.39686,0.188982
-0.000753063776562,2.43706,0.180942
-0.000752063776562,2.43706,0.180942
-0.000751063776562,2.39686,0.180942
-0.000750063776562,2.43706,0.172902
-0.000749063776562,2.39686,0.180942
-0.000748063776562,2.43706,0.172902
-0.000747063776562,2.39686,0.164862
-0.000746063776562,2.39686,0.172902
-0.000745063776562,2.39686,0.164862
-0.000744063776562,2.35666,0.172902
-0.000743063776562,2.43706,0.164862
-0.000742063776562,2.39686,0.156822
-0.000741063776562,2.39686,0.156822
-0.000740063776562,2.43706,0.156822
-0.000739063776562,2.35666,0.148781
-0.000738063776562,2.39686,0.156822
-0.000737063776562,2.35666,0.156822
-0.000736063776562,2.35666,0.156822
-0.000735063776562,2.31646,0.156822
-0.000734063776562,2.31646,0.156822
-0.000733063776562,2.35666,0.156822
-0.000732063776562,2.35666,0.156822
-0.000731063776562,2.31646,0.156822
-0.000730063776562,2.35666,0.156822
-0.000729063776562,2.35666,0.156822
-0.000728063776562,2.31646,0.156822
-0.000727063776562,2.31646,0.164862
-0.000726063776562,2.35666,0.164862
-0.000725063776562,2.35666,0.172902
-0.000724063776562,2.31646,0.172902
-0.000723063776562,2.31646,0.172902
-0.000722063776562,2.31646,0.180942
-0.000721063776562,2.27626,0.172902
-0.000720063776562,2.31646,0.172902
-0.000719063776562,2.27626,0.180942
-0.000718063776562,2.31646,0.172902
-0.000717063776562,2.35666,0.180942
-0.000716063776562,2.31646,0.188982
-0.000715063776562,2.31646,0.188982
-0.000714063776562,2.27626,0.197023
-0.000713063776562,2.27626,0.197023
-0.000712063776562,2.27626,0.197023
-0.000711063776562,2.27626,0.188982
-0.000710063776562,2.27626,0.213103
-0.000709063776562,2.27626,0.197023
-0.000708063776562,2.27626,0.197023
-0.000707063776562,2.23606,0.213103
-0.000706063776562,2.23606,0.205063
-0.000705063776562,2.23606,0.213103
-0.000704063776562,2.23606,0.213103
-0.000703063776562,2.23606,0.221143
-0.000702063776562,2.23606,0.229183
-0.000701063776562,2.23606,0.229183
-0.000700063776562,2.23606,0.229183
-0.000699063776562,2.23606,0.229183
-0.000698063776562,2.23606,0.237224
-0.000697063776562,2.23606,0.237224
-0.000696063776562,2.23606,0.237224
-0.000695063776562,2.23606,0.245264
-0.000694063776562,2.19585,0.253304
-0.000693063776562,2.23606,0.253304
-0.000692063776562,2.19585,0.245264
-0.000691063776562,2.19585,0.253304
-0.000690063776562,2.19585,0.261344
-0.000689063776562,2.19585,0.269384
-0.000688063776562,2.19585,0.269384
-0.000687063776562,2.15565,0.261344
-0.000686063776562,2.23606,0.261344
-0.000685063776562,2.19585,0.261344
-0.000684063776562,2.15565,0.277425
-0.000683063776562,2.19585,0.277425
-0.000682063776562,2.19585,0.269384
-0.000681063776562,2.19585,0.277425
-0.000680063776562,2.15565,0.277425
-0.000679063776562,2.15565,0.269384
-0.000678063776562,2.19585,0.277425
-0.000677063776562,2.15565,0.277425
-0.000676063776562,2.19585,0.277425
-0.000675063776562,2.19585,0.269384
-0.000674063776562,2.19585,0.269384
-0.000673063776562,2.15565,0.269384
-0.000672063776562,2.15565,0.277425
-0.000671063776562,2.19585,0.277425
-0.000670063776562,2.15565,0.269384
-0.000669063776562,2.15565,0.269384
-0.000668063776562,2.15565,0.269384
-0.000667063776562,2.11545,0.269384
-0.000666063776562,2.15565,0.269384
-0.000665063776562,2.15565,0.261344
-0.000664063776562,2.15565,0.269384
-0.000663063776562,2.11545,0.261344
-0.000662063776562,2.07525,0.261344
-0.000661063776562,2.15565,0.253304
-0.000660063776562,2.11545,0.253304
-0.000659063776562,2.11545,0.245264
-0.000658063776562,2.11545,0.245264
-0.000657063776562,2.11545,0.245264
-0.000656063776562,2.11545,0.253304
-0.000655063776562,2.11545,0.245264
-0.000654063776562,2.07525,0.237224
-0.000653063776562,2.07525,0.229183
-0.000652063776562,2.07525,0.237224
-0.000651063776562,2.07525,0.229183
-0.000650063776562,2.07525,0.237224
-0.000649063776562,2.07525,0.237224
-0.000648063776562,2.07525,0.237224
-0.000647063776562,2.11545,0.229183
-0.000646063776562,2.07525,0.229183
-0.000645063776562,2.07525,0.237224
-0.000644063776562,2.07525,0.229183
-0.000643063776562,2.11545,0.229183
-0.000642063776562,2.03505,0.237224
-0.000641063776562,2.07525,0.237224
-0.000640063776562,2.07525,0.229183
-0.000639063776562,2.03505,0.229183
-0.000638063776562,2.03505,0.237224
-0.000637063776562,2.03505,0.229183
-0.000636063776562,2.03505,0.237224
-0.000635063776562,2.03505,0.237224
-0.000634063776562,2.03505,0.229183
-0.000633063776562,2.03505,0.237224
-0.000632063776562,2.03505,0.237224
-0.000631063776562,2.03505,0.245264
-0.000630063776562,1.99485,0.237224
-0.000629063776562,2.03505,0.245264
-0.000628063776562,2.03505,0.245264
-0.000627063776562,2.03505,0.253304
-0.000626063776562,1.99485,0.253304
-0.000625063776562,1.99485,0.253304
-0.000624063776562,1.99485,0.245264
-0.000623063776562,1.99485,0.253304
-0.000622063776562,1.99485,0.253304
-0.000621063776562,1.99485,0.261344
-0.000620063776562,1.99485,0.253304
-0.000619063776562,1.99485,0.261344
-0.000618063776562,1.99485,0.269384
-0.000617063776562,1.95465,0.269384
-0.000616063776562,1.95465,0.277425
-0.000615063776562,1.99485,0.277425
-0.000614063776562,1.99485,0.269384
-0.000613063776562,1.99485,0.285465
-0.000612063776562,1.95465,0.277425
-0.000611063776562,1.95465,0.285465
-0.000610063776562,1.95465,0.285465
-0.000609063776562,1.95465,0.285465
-0.000608063776562,1.95465,0.285465
-0.000607063776562,1.95465,0.285465
-0.000606063776562,1.95465,0.293505
-0.000605063776562,1.95465,0.285465
-0.000604063776562,1.95465,0.301545
-0.000603063776562,1.91445,0.293505
-0.000602063776562,1.91445,0.285465
-0.000601063776562,1.95465,0.293505
-0.000600063776562,1.91445,0.301545
-0.000599063776562,1.95465,0.293505
-0.000598063776562,1.95465,0.301545
-0.000597063776562,1.91445,0.293505
-0.000596063776562,1.95465,0.293505
-0.000595063776562,1.91445,0.301545
-0.000594063776562,1.91445,0.293505
-0.000593063776562,1.91445,0.293505
-0.000592063776562,1.87425,0.293505
-0.000591063776562,1.91445,0.293505
-0.000590063776562,1.91445,0.285465
-0.000589063776562,1.91445,0.285465
-0.000588063776562,1.87425,0.293505
-0.000587063776562,1.87425,0.301545
-0.000586063776562,1.87425,0.285465
-0.000585063776562,1.87425,0.285465
-0.000584063776562,1.91445,0.277425
-0.000583063776562,1.87425,0.277425
-0.000582063776562,1.87425,0.269384
-0.000581063776562,1.87425,0.277425
-0.000580063776562,1.87425,0.261344
-0.000579063776562,1.87425,0.261344
-0.000578063776562,1.87425,0.261344
-0.000577063776562,1.87425,0.261344
-0.000576063776562,1.87425,0.253304
-0.000575063776562,1.83405,0.245264
-0.000574063776562,1.87425,0.245264
-0.000573063776562,1.83405,0.237224
-0.000572063776562,1.87425,0.237224
-0.000571063776562,1.83405,0.229183
-0.000570063776562,1.83405,0.221143
-0.000569063776562,1.83405,0.221143
-0.000568063776562,1.79384,0.213103
-0.000567063776562,1.83405,0.205063
-0.000566063776562,1.83405,0.205063
-0.000565063776562,1.83405,0.197023
-0.000564063776562,1.79384,0.188982
-0.000563063776562,1.83405,0.180942
-0.000562063776562,1.79384,0.180942
-0.000561063776562,1.83405,0.180942
-0.000560063776562,1.79384,0.180942
-0.000559063776562,1.79384,0.164862
-0.000558063776562,1.79384,0.172902
-0.000557063776562,1.79384,0.164862
-0.000556063776562,1.79384,0.156822
-0.000555063776562,1.75364,0.156822
-0.000554063776562,1.75364,0.148781
-0.000553063776562,1.75364,0.148781
-0.000552063776562,1.75364,0.132701
-0.000551063776562,1.79384,0.132701
-0.000550063776562,1.75364,0.132701
-0.000549063776562,1.75364,0.116621
-0.000548063776562,1.75364,0.116621
-0.000547063776562,1.75364,0.10858
-0.000546063776562,1.75364,0.10054
-0.000545063776562,1.75364,0.10858
-0.000544063776562,1.75364,0.10054
-0.000543063776562,1.75364,0.0925
-0.000542063776562,1.71344,0.0925
-0.000541063776562,1.75364,0.0925
-0.000540063776562,1.75364,0.0844598
-0.000539063776562,1.71344,0.0764196
-0.000538063776562,1.75364,0.0764196
-0.000537063776562,1.71344,0.0683794
-0.000536063776562,1.75364,0.0683794
-0.000535063776562,1.71344,0.0603392
-0.000534063776562,1.71344,0.052299
-0.000533063776562,1.71344,0.052299
-0.000532063776562,1.71344,0.0442588
-0.000531063776562,1.71344,0.0442588
-0.000530063776562,1.75364,0.0442588
-0.000529063776562,1.71344,0.0362186
-0.000528063776562,1.67324,0.0362186
-0.000527063776562,1.71344,0.0281784
-0.000526063776562,1.71344,0.0362186
-0.000525063776562,1.67324,0.0281784
-0.000524063776562,1.67324,0.0201382
-0.000523063776562,1.71344,0.0281784
-0.000522063776562,1.67324,0.0281784
-0.000521063776562,1.67324,0.0201382
-0.000520063776562,1.67324,0.0201382
-0.000519063776562,1.71344,0.0281784
-0.000518063776562,1.67324,0.012098
-0.000517063776562,1.67324,0.0201382
-0.000516063776562,1.67324,0.0201382
-0.000515063776562,1.63304,0.0201382
-0.000514063776562,1.67324,0.0281784
-0.000513063776562,1.63304,0.0201382
-0.000512063776562,1.67324,0.0281784
-0.000511063776562,1.59284,0.0281784
-0.000510063776562,1.67324,0.0362186
-0.000509063776562,1.63304,0.0281784
-0.000508063776562,1.63304,0.0362186
-0.000507063776562,1.59284,0.0281784
-0.000506063776562,1.63304,0.0362186
-0.000505063776562,1.59284,0.0362186
-0.000504063776562,1.63304,0.0362186
-0.000503063776562,1.59284,0.0281784
-0.000502063776562,1.59284,0.0442588
-0.000501063776562,1.63304,0.0442588
-0.000500063776562,1.63304,0.0362186
-0.000499063776562,1.59284,0.052299
-0.000498063776562,1.59284,0.0442588
-0.000497063776562,1.59284,0.0442588
-0.000496063776562,1.59284,0.052299
-0.000495063776562,1.59284,0.052299
-0.000494063776562,1.55264,0.0603392
-0.000493063776562,1.59284,0.052299
-0.000492063776562,1.59284,0.052299
-0.000491063776562,1.59284,0.0603392
-0.000490063776562,1.59284,0.052299
-0.000489063776562,1.59284,0.052299
-0.000488063776562,1.55264,0.0603392
-0.000487063776562,1.59284,0.0603392
-0.000486063776562,1.55264,0.0603392
-0.000485063776562,1.59284,0.0603392
-0.000484063776562,1.55264,0.0603392
-0.000483063776562,1.55264,0.0603392
-0.000482063776562,1.55264,0.0683794
-0.000481063776562,1.55264,0.052299
-0.000480063776562,1.59284,0.0603392
-0.000479063776562,1.55264,0.0603392
-0.000478063776562,1.55264,0.0603392
-0.000477063776562,1.55264,0.052299
-0.000476063776562,1.51244,0.0603392
-0.000475063776562,1.51244,0.052299
-0.000474063776562,1.51244,0.0442588
-0.000473063776562,1.51244,0.052299
-0.000472063776562,1.51244,0.0442588
-0.000471063776562,1.47224,0.0442588
-0.000470063776562,1.55264,0.0362186
-0.000469063776562,1.51244,0.0362186
-0.000468063776562,1.51244,0.0362186
-0.000467063776562,1.51244,0.0281784
-0.000466063776562,1.51244,0.0281784
-0.000465063776562,1.51244,0.012098
-0.000464063776562,1.47224,0.0201382
-0.000463063776562,1.47224,0.0201382
-0.000462063776562,1.47224,0.012098
-0.000461063776562,1.51244,0.012098
-0.000460063776562,1.47224,0.012098
-0.000459063776562,1.47224,0.012098
-0.000458063776562,1.47224,0.00405779
-0.000457063776562,1.47224,0.00405779
-0.000456063776562,1.43204,0.00405779
-0.000455063776562,1.47224,0.00405779
-0.000454063776562,1.47224,-0.00398241
-0.000453063776562,1.47224,0.00405779
-0.000452063776562,1.47224,-0.00398241
-0.000451063776562,1.47224,-0.00398241
-0.000450063776562,1.47224,-0.00398241
-0.000449063776562,1.47224,-0.00398241
-0.000448063776562,1.43204,-0.00398241
-0.000447063776562,1.47224,0.00405779
-0.000446063776562,1.47224,-0.00398241
-0.000445063776562,1.43204,-0.00398241
-0.000444063776562,1.47224,-0.00398241
-0.000443063776562,1.39183,-0.00398241
-0.000442063776562,1.39183,0.00405779
-0.000441063776562,1.43204,-0.00398241
-0.000440063776562,1.43204,-0.00398241
-0.000439063776562,1.39183,0.00405779
-0.000438063776562,1.43204,0.00405779
-0.000437063776562,1.43204,0.00405779
-0.000436063776562,1.39183,0.00405779
-0.000435063776562,1.43204,0.012098
-0.000434063776562,1.39183,0.00405779
-0.000433063776562,1.43204,0.00405779
-0.000432063776562,1.39183,0.012098
-0.000431063776562,1.43204,0.00405779
-0.000430063776562,1.39183,0.012098
-0.000429063776562,1.39183,0.00405779
-0.000428063776562,1.39183,0.00405779
-0.000427063776562,1.39183,0.0201382
-0.000426063776562,1.35163,0.012098
-0.000425063776562,1.35163,0.0201382
-0.000424063776562,1.39183,0.0201382
-0.000423063776562,1.39183,0.012098
-0.000422063776562,1.35163,0.012098
-0.000421063776562,1.35163,0.0201382
-0.000420063776562,1.35163,0.012098
-0.000419063776562,1.39183,0.012098
-0.000418063776562,1.35163,0.0201382
-0.000417063776562,1.35163,0.0201382
-0.000416063776562,1.35163,0.012098
-0.000415063776562,1.35163,0.00405779
-0.000414063776562,1.35163,0.012098
-0.000413063776562,1.35163,0.00405779
-0.000412063776562,1.35163,0.00405779
-0.000411063776562,1.35163,0.00405779
-0.000410063776562,1.35163,0.00405779
-0.000409063776562,1.31143,0.00405779
-0.000408063776562,1.35163,-0.00398241
-0.000407063776562,1.31143,-0.00398241
-0.000406063776562,1.31143,-0.00398241
-0.000405063776562,1.27123,-0.00398241
-0.000404063776562,1.31143,-0.0200628
-0.000403063776562,1.31143,-0.0120226
-0.000402063776562,1.27123,-0.0120226
-0.000401063776562,1.31143,-0.0200628
-0.000400063776562,1.31143,-0.0361432
-0.000399063776562,1.31143,-0.0361432
-0.000398063776562,1.31143,-0.0441834
-0.000397063776562,1.31143,-0.0361432
-0.000396063776562,1.27123,-0.0522236
-0.000395063776562,1.27123,-0.0441834
-0.000394063776562,1.27123,-0.0602638
-0.000393063776562,1.27123,-0.068304
-0.000392063776562,1.27123,-0.068304
-0.000391063776562,1.23103,-0.0763442
-0.000390063776562,1.31143,-0.0763442
-0.000389063776562,1.27123,-0.0924246
-0.000388063776562,1.27123,-0.0924246
-0.000387063776562,1.27123,-0.0924246
-0.000386063776562,1.27123,-0.108505
-0.000385063776562,1.27123,-0.116545
-0.000384063776562,1.27123,-0.108505
-0.000383063776562,1.23103,-0.124585
-0.000382063776562,1.27123,-0.132626
-0.000381063776562,1.27123,-0.140666
-0.000380063776562,1.23103,-0.148706
-0.000379063776562,1.23103,-0.148706
-0.000378063776562,1.27123,-0.164786
-0.000377063776562,1.23103,-0.164786
-0.000376063776562,1.23103,-0.172827
-0.000375063776562,1.27123,-0.180867
-0.000374063776562,1.19083,-0.188907
-0.000373063776562,1.23103,-0.196947
-0.000372063776562,1.19083,-0.188907
-0.000371063776562,1.23103,-0.204987
-0.000370063776562,1.23103,-0.213028
-0.000369063776562,1.23103,-0.213028
-0.000368063776562,1.23103,-0.229108
-0.000367063776562,1.19083,-0.221068
-0.000366063776562,1.23103,-0.229108
-0.000365063776562,1.19083,-0.237148
-0.000364063776562,1.23103,-0.237148
-0.000363063776562,1.23103,-0.237148
-0.000362063776562,1.15063,-0.245188
-0.000361063776562,1.19083,-0.245188
-0.000360063776562,1.15063,-0.253229
-0.000359063776562,1.19083,-0.261269
-0.000358063776562,1.19083,-0.253229
-0.000357063776562,1.15063,-0.253229
-0.000356063776562,1.19083,-0.261269
-0.000355063776562,1.15063,-0.253229
-0.000354063776562,1.15063,-0.253229
-0.000353063776562,1.15063,-0.261269
-0.000352063776562,1.15063,-0.253229
-0.000351063776562,1.15063,-0.261269
-0.000350063776562,1.15063,-0.253229
-0.000349063776562,1.11043,-0.261269
-0.000348063776562,1.15063,-0.253229
-0.000347063776562,1.15063,-0.261269
-0.000346063776562,1.15063,-0.253229
-0.000345063776562,1.15063,-0.253229
-0.000344063776562,1.11043,-0.253229
-0.000343063776562,1.11043,-0.253229
-0.000342063776562,1.15063,-0.253229
-0.000341063776562,1.11043,-0.253229
-0.000340063776562,1.11043,-0.253229
-0.000339063776562,1.11043,-0.261269
-0.000338063776562,1.11043,-0.253229
-0.000337063776562,1.15063,-0.245188
-0.000336063776562,1.11043,-0.245188
-0.000335063776562,1.15063,-0.261269
-0.000334063776562,1.11043,-0.253229
-0.000333063776562,1.07023,-0.261269
-0.000332063776562,1.11043,-0.253229
-0.000331063776562,1.07023,-0.253229
-0.000330063776562,1.03003,-0.261269
-0.000329063776562,1.11043,-0.253229
-0.000328063776562,1.07023,-0.261269
-0.000327063776562,1.11043,-0.261269
-0.000326063776562,1.11043,-0.277349
-0.000325063776562,1.07023,-0.261269
-0.000324063776562,1.11043,-0.261269
-0.000323063776562,1.03003,-0.269309
-0.000322063776562,1.07023,-0.277349
-0.000321063776562,1.11043,-0.277349
-0.000320063776562,1.03003,-0.277349
-0.000319063776562,1.03003,-0.277349
-0.000318063776562,1.03003,-0.277349
-0.000317063776562,1.03003,-0.285389
-0.000316063776562,1.07023,-0.30147
-0.000315063776562,1.03003,-0.29343
-0.000314063776562,1.03003,-0.29343
-0.000313063776562,1.07023,-0.30147
-0.000312063776562,1.03003,-0.29343
-0.000311063776562,0.989824,-0.30147
-0.000310063776562,1.03003,-0.30951
-0.000309063776562,1.03003,-0.31755
-0.000308063776562,0.989824,-0.30951
-0.000307063776562,0.989824,-0.31755
-0.000306063776562,0.989824,-0.32559
-0.000305063776562,1.03003,-0.32559
-0.000304063776562,0.989824,-0.32559
-0.000303063776562,1.03003,-0.333631
-0.000302063776562,0.989824,-0.341671
-0.000301063776562,0.989824,-0.341671
-0.000300063776562,0.949623,-0.341671
-0.000299063776562,1.03003,-0.349711
-0.000298063776562,0.989824,-0.341671
-0.000297063776562,0.949623,-0.349711
-0.000296063776562,0.989824,-0.349711
-0.000295063776562,0.989824,-0.357751
-0.000294063776562,0.989824,-0.349711
-0.000293063776562,0.949623,-0.349711
-0.000292063776562,0.989824,-0.357751
-0.000291063776562,0.949623,-0.357751
-0.000290063776562,0.949623,-0.349711
-0.000289063776562,0.989824,-0.365791
-0.000288063776562,0.949623,-0.365791
-0.000287063776562,0.949623,-0.357751
-0.000286063776562,0.949623,-0.357751
-0.000285063776562,0.949623,-0.357751
-0.000284063776562,0.989824,-0.365791
-0.000283063776562,0.949623,-0.357751
-0.000282063776562,0.909422,-0.357751
-0.000281063776562,0.909422,-0.357751
-0.000280063776562,0.909422,-0.357751
-0.000279063776562,0.949623,-0.365791
-0.000278063776562,0.909422,-0.349711
-0.000277063776562,0.909422,-0.357751
-0.000276063776562,0.909422,-0.357751
-0.000275063776562,0.909422,-0.349711
-0.000274063776562,0.909422,-0.365791
-0.000273063776562,0.869221,-0.357751
-0.000272063776562,0.909422,-0.365791
-0.000271063776562,0.909422,-0.365791
-0.000270063776562,0.909422,-0.365791
-0.000269063776562,0.869221,-0.365791
-0.000268063776562,0.869221,-0.365791
-0.000267063776562,0.909422,-0.373832
-0.000266063776562,0.869221,-0.365791
-0.000265063776562,0.909422,-0.381872
-0.000264063776562,0.869221,-0.381872
-0.000263063776562,0.869221,-0.389912
-0.000262063776562,0.869221,-0.389912
-0.000261063776562,0.82902,-0.397952
-0.000260063776562,0.869221,-0.397952
-0.000259063776562,0.869221,-0.405992
-0.000258063776562,0.82902,-0.414033
-0.000257063776562,0.869221,-0.414033
-0.000256063776562,0.869221,-0.422073
-0.000255063776562,0.82902,-0.438153
-0.000254063776562,0.82902,-0.430113
-0.000253063776562,0.869221,-0.446193
-0.000252063776562,0.869221,-0.454234
-0.000251063776562,0.82902,-0.454234
-0.000250063776562,0.82902,-0.462274
-0.000249063776562,0.82902,-0.462274
-0.000248063776562,0.82902,-0.478354
-0.000247063776562,0.82902,-0.478354
-0.000246063776562,0.82902,-0.494435
-0.000245063776562,0.869221,-0.502475
-0.000244063776562,0.82902,-0.510515
-0.000243063776562,0.869221,-0.518555
-0.000242063776562,0.788819,-0.510515
-0.000241063776562,0.82902,-0.526595
-0.000240063776562,0.82902,-0.534636
-0.000239063776562,0.788819,-0.550716
-0.000238063776562,0.82902,-0.550716
-0.000237063776562,0.82902,-0.550716
-0.000236063776562,0.82902,-0.566796
-0.000235063776562,0.788819,-0.566796
-0.000234063776562,0.788819,-0.574837
-0.000233063776562,0.788819,-0.566796
-0.000232063776562,0.788819,-0.574837
-0.000231063776562,0.82902,-0.574837
-0.000230063776562,0.82902,-0.582877
-0.000229063776562,0.82902,-0.574837
-0.000228063776562,0.82902,-0.566796
-0.000227063776562,0.82902,-0.566796
-0.000226063776562,0.788819,-0.558756
-0.000225063776562,0.82902,-0.550716
-0.000224063776562,0.82902,-0.542676
-0.000223063776562,0.82902,-0.534636
-0.000222063776562,0.869221,-0.526595
-0.000221063776562,0.82902,-0.526595
-0.000220063776562,0.788819,-0.518555
-0.000219063776562,0.82902,-0.510515
-0.000218063776562,0.788819,-0.502475
-0.000217063776562,0.82902,-0.502475
-0.000216063776562,0.82902,-0.486394
-0.000215063776562,0.82902,-0.478354
-0.000214063776562,0.82902,-0.470314
-0.000213063776562,0.869221,-0.470314
-0.000212063776562,0.869221,-0.462274
-0.000211063776562,0.869221,-0.462274
-0.000210063776562,0.869221,-0.446193
-0.000209063776562,0.82902,-0.446193
-0.000208063776562,0.869221,-0.430113
-0.000207063776562,0.869221,-0.430113
-0.000206063776562,0.909422,-0.414033
-0.000205063776562,0.869221,-0.414033
-0.000204063776562,0.869221,-0.414033
-0.000203063776562,0.869221,-0.397952
-0.000202063776562,0.869221,-0.389912
-0.000201063776562,0.869221,-0.389912
-0.000200063776562,0.909422,-0.389912
-0.000199063776562,0.909422,-0.381872
-0.000198063776562,0.909422,-0.373832
-0.000197063776562,0.949623,-0.373832
-0.000196063776562,0.909422,-0.365791
-0.000195063776562,0.909422,-0.373832
-0.000194063776562,0.909422,-0.365791
-0.000193063776562,0.909422,-0.365791
-0.000192063776562,0.949623,-0.365791
-0.000191063776562,0.949623,-0.365791
-0.000190063776562,0.909422,-0.357751
-0.000189063776562,0.949623,-0.357751
-0.000188063776562,0.909422,-0.357751
-0.000187063776562,0.949623,-0.357751
-0.000186063776562,0.949623,-0.357751
-0.000185063776562,0.949623,-0.357751
-0.000184063776562,0.909422,-0.349711
-0.000183063776562,0.949623,-0.349711
-0.000182063776562,0.989824,-0.357751
-0.000181063776562,0.949623,-0.349711
-0.000180063776562,0.949623,-0.349711
-0.000179063776562,0.949623,-0.357751
-0.000178063776562,0.989824,-0.357751
-0.000177063776562,0.989824,-0.357751
-0.000176063776562,0.949623,-0.349711
-0.000175063776562,0.949623,-0.357751
-0.000174063776562,0.989824,-0.357751
-0.000173063776562,0.949623,-0.357751
-0.000172063776562,0.949623,-0.349711
-0.000171063776562,0.949623,-0.357751
-0.000170063776562,0.949623,-0.349711
-0.000169063776562,0.949623,-0.349711
-0.000168063776562,0.989824,-0.349711
-0.000167063776562,0.989824,-0.349711
-0.000166063776562,0.989824,-0.349711
-0.000165063776562,0.989824,-0.341671
-0.000164063776562,0.989824,-0.341671
-0.000163063776562,0.989824,-0.341671
-0.000162063776562,0.989824,-0.341671
-0.000161063776562,0.989824,-0.32559
-0.000160063776562,1.03003,-0.333631
-0.000159063776562,1.03003,-0.32559
-0.000158063776562,0.989824,-0.32559
-0.000157063776562,1.03003,-0.31755
-0.000156063776562,0.989824,-0.31755
-0.000155063776562,1.07023,-0.31755
-0.000154063776562,1.03003,-0.30951
-0.000153063776562,1.07023,-0.30951
-0.000152063776562,1.07023,-0.30147
-0.000151063776562,1.07023,-0.29343
-0.000150063776562,1.07023,-0.285389
-0.000149063776562,1.03003,-0.29343
-0.000148063776562,1.03003,-0.285389
-0.000147063776562,1.07023,-0.285389
-0.000146063776562,1.07023,-0.277349
-0.000145063776562,1.07023,-0.277349
-0.000144063776562,1.07023,-0.277349
-0.000143063776562,1.07023,-0.277349
-0.000142063776562,1.07023,-0.269309
-0.000141063776562,1.11043,-0.269309
-0.000140063776562,1.07023,-0.261269
-0.000139063776562,1.07023,-0.261269
-0.000138063776562,1.07023,-0.261269
-0.000137063776562,1.07023,-0.269309
-0.000136063776562,1.07023,-0.261269
-0.000135063776562,1.07023,-0.253229
-0.000134063776562,1.11043,-0.261269
-0.000133063776562,1.11043,-0.261269
-0.000132063776562,1.11043,-0.245188
-0.000131063776562,1.11043,-0.253229
-0.000130063776562,1.11043,-0.253229
-0.000129063776562,1.07023,-0.245188
-0.000128063776562,1.15063,-0.253229
-0.000127063776562,1.11043,-0.253229
-0.000126063776562,1.11043,-0.245188
-0.000125063776562,1.15063,-0.245188
-0.000124063776562,1.15063,-0.245188
-0.000123063776562,1.15063,-0.245188
-0.000122063776562,1.15063,-0.245188
-0.000121063776562,1.15063,-0.245188
-0.000120063776562,1.15063,-0.253229
-0.000119063776562,1.15063,-0.245188
-0.000118063776562,1.19083,-0.253229
-0.000117063776562,1.15063,-0.253229
-0.000116063776562,1.15063,-0.237148
-0.000115063776562,1.11043,-0.245188
-0.000114063776562,1.23103,-0.253229
-0.000113063776562,1.15063,-0.253229
-0.000112063776562,1.19083,-0.253229
-0.000111063776562,1.15063,-0.253229
-0.000110063776562,1.15063,-0.253229
-0.000109063776562,1.19083,-0.253229
-0.000108063776562,1.19083,-0.253229
-0.000107063776562,1.19083,-0.253229
-0.000106063776562,1.19083,-0.245188
-0.000105063776562,1.15063,-0.253229
-0.000104063776562,1.19083,-0.245188
-0.000103063776562,1.19083,-0.245188
-0.000102063776562,1.19083,-0.237148
-0.000101063776562,1.19083,-0.237148
-0.000100063776562,1.19083,-0.237148
-9.90637765625e-005,1.19083,-0.229108
-9.80637765625e-005,1.19083,-0.229108
-9.70637765625e-005,1.23103,-0.229108
-9.60637765625e-005,1.23103,-0.221068
-9.50637765625e-005,1.23103,-0.221068
-9.40637765625e-005,1.19083,-0.213028
-9.30637765625e-005,1.23103,-0.204987
-9.20637765625e-005,1.23103,-0.196947
-9.10637765625e-005,1.23103,-0.204987
-9.00637765625e-005,1.23103,-0.196947
-8.90637765625e-005,1.23103,-0.188907
-8.80637765625e-005,1.19083,-0.172827
-8.70637765625e-005,1.27123,-0.164786
-8.60637765625e-005,1.23103,-0.164786
-8.50637765625e-005,1.23103,-0.156746
-8.40637765625e-005,1.27123,-0.148706
-8.30637765625e-005,1.27123,-0.140666
-8.20637765625e-005,1.23103,-0.140666
-8.10637765625e-005,1.23103,-0.132626
-8.00637765625e-005,1.27123,-0.116545
-7.90637765625e-005,1.27123,-0.116545
-7.80637765625e-005,1.27123,-0.108505
-7.70637765625e-005,1.27123,-0.100465
-7.60637765625e-005,1.31143,-0.100465
-7.50637765625e-005,1.27123,-0.0924246
-7.40637765625e-005,1.27123,-0.0924246
-7.30637765625e-005,1.27123,-0.068304
-7.20637765625e-005,1.27123,-0.0763442
-7.10637765625e-005,1.31143,-0.068304
-7.00637765625e-005,1.27123,-0.0602638
-6.90637765625e-005,1.31143,-0.0522236
-6.80637765625e-005,1.31143,-0.0441834
-6.70637765625e-005,1.31143,-0.0441834
-6.60637765625e-005,1.31143,-0.0361432
-6.50637765625e-005,1.27123,-0.028103
-6.40637765625e-005,1.31143,-0.028103
-6.30637765625e-005,1.27123,-0.028103
-6.20637765625e-005,1.35163,-0.0200628
-6.10637765625e-005,1.31143,-0.0120226
-6.00637765625e-005,1.35163,-0.0120226
-5.90637765625e-005,1.35163,-0.0120226
-5.80637765625e-005,1.35163,-0.00398241
-5.70637765625e-005,1.31143,-0.00398241
-5.60637765625e-005,1.35163,-0.00398241
-5.50637765625e-005,1.35163,0.012098
-5.40637765625e-005,1.35163,0.012098
-5.30637765625e-005,1.35163,0.00405779
-5.20637765625e-005,1.35163,0.00405779
-5.10637765625e-005,1.31143,0.012098
-5.00637765625e-005,1.35163,0.012098
-4.90637765625e-005,1.31143,0.0201382
-4.80637765625e-005,1.39183,0.012098
-4.70637765625e-005,1.39183,0.0201382
-4.60637765625e-005,1.35163,0.0201382
-4.50637765625e-005,1.39183,0.0201382
-4.40637765625e-005,1.39183,0.0201382
-4.30637765625e-005,1.39183,0.0201382
-4.20637765625e-005,1.35163,0.0201382
-4.10637765625e-005,1.39183,0.0281784
-4.00637765625e-005,1.35163,0.0201382
-3.90637765625e-005,1.39183,0.0281784
-3.80637765625e-005,1.43204,0.0201382
-3.70637765625e-005,1.35163,0.0201382
-3.60637765625e-005,1.39183,0.012098
-3.50637765625e-005,1.39183,0.0201382
-3.40637765625e-005,1.39183,0.0201382
-3.30637765625e-005,1.39183,0.0201382
-3.20637765625e-005,1.43204,0.0201382
-3.10637765625e-005,1.43204,0.0281784
-3.00637765625e-005,1.43204,0.0201382
-2.90637765625e-005,1.43204,0.012098
-2.80637765625e-005,1.43204,0.012098
-2.70637765625e-005,1.47224,0.012098
-2.60637765625e-005,1.47224,0.0201382
-2.50637765625e-005,1.43204,0.00405779
-2.40637765625e-005,1.43204,0.00405779
-2.30637765625e-005,1.43204,0.00405779
-2.20637765625e-005,1.43204,0.012098
-2.10637765625e-005,1.43204,0.00405779
-2.00637765625e-005,1.47224,0.012098
-1.90637765625e-005,1.47224,0.00405779
-1.80637765625e-005,1.47224,0.00405779
-1.70637765625e-005,1.47224,0.00405779
-1.60637765625e-005,1.43204,0.00405779
-1.50637765625e-005,1.47224,0.00405779
-1.40637765625e-005,1.47224,0.012098
-1.30637765625e-005,1.47224,0.00405779
-1.20637765625e-005,1.47224,-0.00398241
-1.10637765625e-005,1.51244,0.00405779
-1.00637765625e-005,1.47224,-0.00398241
-9.0637765625e-006,1.47224,0.00405779
-8.0637765625e-006,1.47224,0.012098
-7.0637765625e-006,1.51244,0.00405779
-6.0637765625e-006,1.55264,0.00405779
-5.0637765625e-006,1.51244,0.012098
-4.0637765625e-006,1.47224,0.012098
-3.0637765625e-006,1.51244,0.012098
-2.0637765625e-006,1.51244,0.012098
-1.0637765625e-006,1.51244,0.012098
-6.37765624999e-008,1.47224,0.0201382
9.362234375e-007,1.47224,0.0201382
1.9362234375e-006,1.51244,0.0201382
2.9362234375e-006,1.59284,0.0281784
3.9362234375e-006,1.47224,0.0362186
4.9362234375e-006,1.47224,0.0281784
5.9362234375e-006,1.51244,0.0362186
6.9362234375e-006,1.55264,0.0442588
7.9362234375e-006,1.51244,0.0442588
8.9362234375e-006,1.55264,0.0442588
9.9362234375e-006,1.55264,0.052299
1.09362234375e-005,1.59284,0.0442588
1.19362234375e-005,1.55264,0.052299
1.29362234375e-005,1.51244,0.0683794
1.39362234375e-005,1.55264,0.0603392
1.49362234375e-005,1.59284,0.0603392
1.59362234375e-005,1.55264,0.0603392
1.69362234375e-005,1.59284,0.0683794
1.79362234375e-005,1.59284,0.0603392
1.89362234375e-005,1.55264,0.0683794
1.99362234375e-005,1.59284,0.0764196
2.09362234375e-005,1.55264,0.0683794
2.19362234375e-005,1.59284,0.0683794
2.29362234375e-005,1.63304,0.0603392
2.39362234375e-005,1.59284,0.0603392
2.49362234375e-005,1.59284,0.0603392
2.59362234375e-005,1.59284,0.0603392
2.69362234375e-005,1.59284,0.0683794
2.79362234375e-005,1.63304,0.052299
2.89362234375e-005,1.59284,0.0683794
2.99362234375e-005,1.59284,0.0603392
3.09362234375e-005,1.59284,0.052299
3.19362234375e-005,1.63304,0.0603392
3.29362234375e-005,1.63304,0.052299
3.39362234375e-005,1.59284,0.052299
3.49362234375e-005,1.59284,0.052299
3.59362234375e-005,1.59284,0.052299
3.69362234375e-005,1.63304,0.052299
3.79362234375e-005,1.63304,0.0442588
3.89362234375e-005,1.63304,0.0442588
3.99362234375e-005,1.67324,0.0442588
4.09362234375e-005,1.63304,0.0442588
4.19362234375e-005,1.63304,0.0442588
4.29362234375e-005,1.63304,0.0362186
4.39362234375e-005,1.63304,0.0442588
4.49362234375e-005,1.63304,0.052299
4.59362234375e-005,1.63304,0.0442588
4.69362234375e-005,1.67324,0.0362186
4.79362234375e-005,1.67324,0.0281784
4.89362234375e-005,1.63304,0.0362186
4.99362234375e-005,1.71344,0.0362186
5.09362234375e-005,1.67324,0.0281784
5.19362234375e-005,1.67324,0.0362186
5.29362234375e-005,1.59284,0.0281784
5.39362234375e-005,1.67324,0.0362186
5.49362234375e-005,1.67324,0.0362186
5.59362234375e-005,1.67324,0.0281784
5.69362234375e-005,1.67324,0.0281784
5.79362234375e-005,1.71344,0.0362186
5.89362234375e-005,1.71344,0.0281784
5.99362234375e-005,1.67324,0.0362186
6.09362234375e-005,1.67324,0.0362186
6.19362234375e-005,1.71344,0.0281784
6.29362234375e-005,1.67324,0.0362186
6.39362234375e-005,1.71344,0.0362186
6.49362234375e-005,1.71344,0.0362186
6.59362234375e-005,1.71344,0.0442588
6.69362234375e-005,1.75364,0.052299
6.79362234375e-005,1.75364,0.0442588
6.89362234375e-005,1.67324,0.052299
6.99362234375e-005,1.75364,0.052299
7.09362234375e-005,1.71344,0.052299
7.19362234375e-005,1.75364,0.052299
7.29362234375e-005,1.75364,0.0603392
7.39362234375e-005,1.71344,0.0683794
7.49362234375e-005,1.71344,0.0764196
7.59362234375e-005,1.75364,0.0844598
7.69362234375e-005,1.79384,0.0844598
7.79362234375e-005,1.75364,0.0844598
7.89362234375e-005,1.75364,0.0844598
7.99362234375e-005,1.75364,0.0925
8.09362234375e-005,1.79384,0.0925
8.19362234375e-005,1.75364,0.10054
8.29362234375e-005,1.79384,0.10054
8.39362234375e-005,1.79384,0.116621
8.49362234375e-005,1.79384,0.116621
8.59362234375e-005,1.71344,0.132701
8.69362234375e-005,1.75364,0.132701
8.79362234375e-005,1.75364,0.140741
8.89362234375e-005,1.75364,0.140741
8.99362234375e-005,1.79384,0.132701
9.09362234375e-005,1.79384,0.140741
9.19362234375e-005,1.79384,0.156822
9.29362234375e-005,1.79384,0.156822
9.39362234375e-005,1.79384,0.156822
9.49362234375e-005,1.83405,0.172902
9.59362234375e-005,1.79384,0.172902
9.69362234375e-005,1.79384,0.172902
9.79362234375e-005,1.83405,0.180942
9.89362234375e-005,1.87425,0.180942
9.99362234375e-005,1.79384,0.188982
0.000100936223438,1.79384,0.197023
0.000101936223438,1.83405,0.205063
0.000102936223438,1.83405,0.205063
0.000103936223438,1.87425,0.197023
0.000104936223437,1.87425,0.205063
0.000105936223438,1.87425,0.213103
0.000106936223438,1.87425,0.229183
0.000107936223438,1.87425,0.229183
0.000108936223438,1.87425,0.237224
0.000109936223437,1.87425,0.237224
0.000110936223438,1.87425,0.229183
0.000111936223438,1.83405,0.245264
0.000112936223438,1.87425,0.253304
0.000113936223438,1.87425,0.245264
0.000114936223438,1.87425,0.253304
0.000115936223438,1.91445,0.261344
0.000116936223438,1.87425,0.269384
0.000117936223437,1.87425,0.269384
0.000118936223438,1.87425,0.277425
0.000119936223438,1.87425,0.269384
0.000120936223438,1.87425,0.301545
0.000121936223438,1.91445,0.285465
0.000122936223437,1.91445,0.301545
0.000123936223438,1.91445,0.301545
0.000124936223438,1.87425,0.293505
0.000125936223438,1.87425,0.293505
0.000126936223438,1.87425,0.301545
0.000127936223437,1.91445,0.301545
0.000128936223438,1.87425,0.301545
0.000129936223438,1.91445,0.301545
0.000130936223437,1.91445,0.301545
0.000131936223438,1.87425,0.301545
0.000132936223438,1.91445,0.309585
0.000133936223438,1.95465,0.301545
0.000134936223438,1.91445,0.301545
0.000135936223437,1.95465,0.301545
0.000136936223438,1.91445,0.301545
0.000137936223438,1.95465,0.301545
0.000138936223438,1.95465,0.301545
0.000139936223438,1.95465,0.309585
0.000140936223437,1.91445,0.293505
0.000141936223438,1.95465,0.293505
0.000142936223438,1.99485,0.301545
0.000143936223438,1.95465,0.293505
0.000144936223438,1.99485,0.293505
0.000145936223437,1.95465,0.293505
0.000146936223438,1.95465,0.293505
0.000147936223438,1.99485,0.293505
0.000148936223437,2.03505,0.293505
0.000149936223438,1.99485,0.285465
0.000150936223438,1.95465,0.285465
0.000151936223438,1.99485,0.277425
0.000152936223438,1.99485,0.285465
0.000153936223437,1.99485,0.277425
0.000154936223438,1.99485,0.277425
0.000155936223438,1.99485,0.277425
0.000156936223438,1.99485,0.269384
0.000157936223438,2.03505,0.269384
0.000158936223437,1.99485,0.261344
0.000159936223438,2.03505,0.261344
0.000160936223438,2.03505,0.269384
0.000161936223438,2.03505,0.261344
0.000162936223438,1.99485,0.261344
0.000163936223438,1.99485,0.261344
0.000164936223438,2.03505,0.253304
0.000165936223438,2.03505,0.253304
0.000166936223437,2.03505,0.245264
0.000167936223438,1.99485,0.245264
0.000168936223438,2.03505,0.245264
0.000169936223438,2.07525,0.237224
0.000170936223438,2.07525,0.237224
0.000171936223437,2.03505,0.245264
0.000172936223438,2.03505,0.237224
0.000173936223438,2.03505,0.237224
0.000174936223438,2.11545,0.229183
0.000175936223438,2.07525,0.221143
0.000176936223437,2.03505,0.237224
0.000177936223438,2.07525,0.229183
0.000178936223438,2.07525,0.221143
0.000179936223437,2.07525,0.229183
0.000180936223438,2.07525,0.237224
0.000181936223438,2.11545,0.237224
0.000182936223438,2.11545,0.237224
0.000183936223438,2.07525,0.237224
0.000184936223437,2.15565,0.229183
0.000185936223438,2.07525,0.237224
0.000186936223438,2.11545,0.245264
0.000187936223438,2.11545,0.237224
0.000188936223438,2.11545,0.229183
0.000189936223437,2.11545,0.245264
0.000190936223438,2.11545,0.245264
0.000191936223438,2.15565,0.253304
0.000192936223438,2.07525,0.253304
0.000193936223438,2.11545,0.253304
0.000194936223437,2.15565,0.253304
0.000195936223438,2.11545,0.253304
0.000196936223438,2.11545,0.245264
0.000197936223437,2.15565,0.269384
0.000198936223438,2.15565,0.253304
0.000199936223438,2.15565,0.253304
0.000200936223438,2.11545,0.261344
0.000201936223438,2.15565,0.261344
0.000202936223437,2.15565,0.269384
0.000203936223438,2.15565,0.269384
0.000204936223438,2.11545,0.277425
0.000205936223438,2.15565,0.269384
0.000206936223438,2.15565,0.277425
0.000207936223437,2.15565,0.277425
0.000208936223438,2.15565,0.277425
0.000209936223438,2.19585,0.277425
0.000210936223437,2.15565,0.285465
0.000211936223438,2.15565,0.285465
0.000212936223438,2.15565,0.277425
0.000213936223438,2.19585,0.285465
0.000214936223438,2.19585,0.277425
0.000215936223437,2.19585,0.269384
0.000216936223438,2.15565,0.285465
0.000217936223438,2.19585,0.285465
0.000218936223438,2.19585,0.277425
0.000219936223438,2.19585,0.285465
0.000220936223437,2.19585,0.285465
0.000221936223438,2.19585,0.269384
0.000222936223438,2.19585,0.277425
0.000223936223438,2.19585,0.277425
0.000224936223438,2.19585,0.269384
0.000225936223437,2.23606,0.261344
0.000226936223438,2.23606,0.269384
0.000227936223438,2.19585,0.261344
0.000228936223437,2.23606,0.261344
0.000229936223438,2.23606,0.261344
0.000230936223438,2.23606,0.261344
0.000231936223438,2.23606,0.253304
0.000232936223438,2.23606,0.253304
0.000233936223437,2.27626,0.245264
0.000234936223438,2.27626,0.237224
0.000235936223438,2.27626,0.245264
0.000236936223438,2.23606,0.237224
0.000237936223438,2.27626,0.229183
0.000238936223437,2.23606,0.237224
0.000239936223438,2.27626,0.229183
0.000240936223438,2.23606,0.229183
0.000241936223438,2.27626,0.221143
0.000242936223438,2.31646,0.213103
0.000243936223437,2.27626,0.221143
0.000244936223438,2.27626,0.213103
0.000245936223438,2.27626,0.221143
0.000246936223437,2.27626,0.213103
0.000247936223438,2.27626,0.205063
0.000248936223438,2.27626,0.197023
0.000249936223438,2.31646,0.197023
0.000250936223438,2.27626,0.197023
0.000251936223437,2.27626,0.197023
0.000252936223438,2.31646,0.197023
0.000253936223438,2.31646,0.188982
0.000254936223438,2.31646,0.188982
0.000255936223438,2.31646,0.188982
0.000256936223437,2.31646,0.180942
0.000257936223438,2.31646,0.180942
0.000258936223438,2.31646,0.172902
0.000259936223437,2.35666,0.172902
0.000260936223438,2.35666,0.172902
0.000261936223438,2.35666,0.164862
0.000262936223438,2.35666,0.164862
0.000263936223438,2.35666,0.164862
0.000264936223437,2.35666,0.164862
0.000265936223438,2.35666,0.180942
0.000266936223438,2.31646,0.164862
0.000267936223438,2.39686,0.164862
0.000268936223438,2.35666,0.164862
0.000269936223437,2.35666,0.156822
0.000270936223438,2.35666,0.156822
0.000271936223438,2.35666,0.156822
0.000272936223438,2.43706,0.148781
0.000273936223438,2.35666,0.156822
0.000274936223437,2.39686,0.156822
0.000275936223438,2.35666,0.164862
0.000276936223438,2.39686,0.156822
0.000277936223437,2.43706,0.156822
0.000278936223438,2.39686,0.156822
0.000279936223438,2.39686,0.164862
0.000280936223438,2.39686,0.164862
0.000281936223438,2.39686,0.164862
0.000282936223437,2.39686,0.164862
0.000283936223438,2.39686,0.164862
0.000284936223438,2.43706,0.180942
0.000285936223438,2.39686,0.180942
0.000286936223438,2.43706,0.172902
0.000287936223437,2.43706,0.172902
0.000288936223438,2.39686,0.180942
0.000289936223438,2.43706,0.188982
0.000290936223438,2.43706,0.197023
0.000291936223438,2.39686,0.180942
0.000292936223437,2.39686,0.180942
0.000293936223438,2.39686,0.180942
0.000294936223438,2.39686,0.180942
0.000295936223437,2.35666,0.180942
0.000296936223438,2.35666,0.172902
0.000297936223438,2.39686,0.172902
0.000298936223438,2.39686,0.164862
0.000299936223438,2.39686,0.156822
0.000300936223437,2.35666,0.164862
0.000301936223438,2.35666,0.156822
0.000302936223438,2.35666,0.156822
0.000303936223438,2.39686,0.156822
0.000304936223438,2.35666,0.156822
0.000305936223437,2.35666,0.156822
0.000306936223438,2.35666,0.156822
0.000307936223438,2.35666,0.156822
0.000308936223437,2.35666,0.156822
0.000309936223438,2.31646,0.164862
0.000310936223437,2.35666,0.156822
0.000311936223438,2.31646,0.164862
0.000312936223438,2.39686,0.156822
0.000313936223437,2.35666,0.164862
0.000314936223438,2.35666,0.156822
0.000315936223438,2.31646,0.156822
0.000316936223438,2.35666,0.172902
0.000317936223438,2.31646,0.172902
0.000318936223437,2.31646,0.164862
0.000319936223438,2.31646,0.180942
0.000320936223438,2.31646,0.172902
0.000321936223438,2.31646,0.172902
0.000322936223438,2.31646,0.180942
0.000323936223437,2.31646,0.180942
0.000324936223438,2.27626,0.180942
0.000325936223438,2.27626,0.180942
0.000326936223437,2.31646,0.188982
0.000327936223438,2.27626,0.188982
0.000328936223438,2.27626,0.188982
0.000329936223438,2.27626,0.197023
0.000330936223438,2.27626,0.188982
0.000331936223437,2.27626,0.205063
0.000332936223438,2.27626,0.213103
0.000333936223438,2.27626,0.213103
0.000334936223438,2.23606,0.205063
0.000335936223438,2.27626,0.197023
0.000336936223437,2.23606,0.205063
0.000337936223438,2.23606,0.213103
0.000338936223438,2.27626,0.221143
0.000339936223438,2.23606,0.229183
0.000340936223438,2.23606,0.229183
0.000341936223437,2.23606,0.229183
0.000342936223438,2.27626,0.229183
0.000343936223438,2.23606,0.229183
0.000344936223437,2.23606,0.237224
0.000345936223438,2.19585,0.245264
0.000346936223438,2.19585,0.245264
0.000347936223438,2.19585,0.245264
0.000348936223438,2.23606,0.253304
0.000349936223437,2.19585,0.253304
0.000350936223438,2.23606,0.261344
0.000351936223438,2.23606,0.261344
0.000352936223438,2.19585,0.261344
0.000353936223438,2.19585,0.261344
0.000354936223437,2.19585,0.269384
0.000355936223438,2.23606,0.269384
0.000356936223438,2.15565,0.253304
0.000357936223437,2.23606,0.269384
0.000358936223438,2.19585,0.277425
0.000359936223437,2.15565,0.269384
0.000360936223438,2.19585,0.269384
0.000361936223438,2.19585,0.285465
0.000362936223437,2.15565,0.277425
0.000363936223438,2.19585,0.285465
0.000364936223438,2.19585,0.277425
0.000365936223438,2.19585,0.277425
0.000366936223438,2.15565,0.269384
0.000367936223437,2.15565,0.285465
0.000368936223438,2.15565,0.277425
0.000369936223438,2.15565,0.277425
0.000370936223438,2.19585,0.277425
0.000371936223438,2.15565,0.269384
0.000372936223437,2.11545,0.269384
0.000373936223438,2.15565,0.269384
0.000374936223438,2.11545,0.269384
0.000375936223437,2.15565,0.269384
0.000376936223438,2.15565,0.269384
0.000377936223438,2.15565,0.261344
0.000378936223438,2.11545,0.269384
0.000379936223438,2.15565,0.261344
0.000380936223437,2.15565,0.261344
0.000381936223438,2.11545,0.253304
0.000382936223438,2.11545,0.245264
0.000383936223438,2.15565,0.261344
0.000384936223438,2.11545,0.253304
0.000385936223437,2.11545,0.253304
0.000386936223438,2.11545,0.245264
0.000387936223438,2.07525,0.245264
0.000388936223438,2.11545,0.245264
0.000389936223438,2.07525,0.237224
0.000390936223437,2.11545,0.237224
0.000391936223438,2.11545,0.229183
0.000392936223438,2.11545,0.237224
0.000393936223437,2.07525,0.237224
0.000394936223438,2.03505,0.245264
0.000395936223438,2.03505,0.229183
0.000396936223438,2.07525,0.229183
0.000397936223438,2.11545,0.229183
0.000398936223437,2.07525,0.229183
0.000399936223438,2.07525,0.221143
0.000400936223438,2.03505,0.229183
0.000401936223438,2.03505,0.237224
0.000402936223438,2.07525,0.229183
0.000403936223437,2.07525,0.221143
0.000404936223438,2.03505,0.229183
0.000405936223438,2.03505,0.245264
0.000406936223437,2.07525,0.237224
0.000407936223438,2.03505,0.237224
0.000408936223437,2.07525,0.229183
0.000409936223438,2.03505,0.237224
0.000410936223438,2.03505,0.237224
0.000411936223437,2.03505,0.245264
0.000412936223438,2.03505,0.229183
0.000413936223438,2.03505,0.245264
0.000414936223438,2.03505,0.245264
0.000415936223438,1.99485,0.245264
0.000416936223437,1.99485,0.253304
0.000417936223438,2.03505,0.253304
0.000418936223438,1.99485,0.269384
0.000419936223438,1.99485,0.253304
0.000420936223438,1.99485,0.261344
0.000421936223437,1.99485,0.269384
0.000422936223438,1.95465,0.261344
0.000423936223438,1.99485,0.269384
0.000424936223437,1.99485,0.261344
0.000425936223438,1.99485,0.269384
0.000426936223437,1.95465,0.277425
0.000427936223438,1.95465,0.277425
0.000428936223438,1.95465,0.269384
0.000429936223437,1.99485,0.269384
0.000430936223438,1.99485,0.277425
0.000431936223438,1.99485,0.285465
0.000432936223438,1.95465,0.285465
0.000433936223438,1.95465,0.285465
0.000434936223437,1.95465,0.285465
0.000435936223438,1.95465,0.293505
0.000436936223438,1.95465,0.293505
0.000437936223438,1.95465,0.293505
0.000438936223438,1.95465,0.293505
0.000439936223437,1.95465,0.293505
0.000440936223438,1.91445,0.285465
0.000441936223438,1.91445,0.293505
0.000442936223437,1.95465,0.293505
0.000443936223438,1.95465,0.293505
0.000444936223438,1.91445,0.301545
0.000445936223438,1.95465,0.309585
0.000446936223438,1.95465,0.301545
0.000447936223437,1.91445,0.293505
0.000448936223438,1.87425,0.301545
0.000449936223438,1.87425,0.301545
0.000450936223438,1.95465,0.293505
0.000451936223438,1.91445,0.293505
0.000452936223437,1.87425,0.293505
0.000453936223438,1.87425,0.293505
0.000454936223438,1.87425,0.293505
0.000455936223437,1.87425,0.285465
0.000456936223438,1.87425,0.285465
0.000457936223437,1.87425,0.285465
0.000458936223438,1.83405,0.285465
0.000459936223438,1.87425,0.269384
0.000460936223437,1.87425,0.269384
0.000461936223438,1.91445,0.269384
0.000462936223438,1.87425,0.261344
0.000463936223438,1.87425,0.269384
0.000464936223438,1.87425,0.261344
0.000465936223437,1.87425,0.253304
0.000466936223438,1.87425,0.245264
0.000467936223438,1.87425,0.253304
0.000468936223438,1.83405,0.253304
0.000469936223438,1.83405,0.229183
0.000470936223437,1.87425,0.237224
0.000471936223438,1.83405,0.229183
0.000472936223438,1.83405,0.221143
0.000473936223437,1.83405,0.221143
0.000474936223438,1.83405,0.213103
0.000475936223437,1.83405,0.205063
0.000476936223438,1.83405,0.205063
0.000477936223438,1.83405,0.197023
0.000478936223437,1.83405,0.188982
0.000479936223438,1.83405,0.180942
0.000480936223438,1.83405,0.188982
0.000481936223438,1.83405,0.172902
0.000482936223438,1.83405,0.172902
0.000483936223437,1.79384,0.156822
0.000484936223438,1.79384,0.172902
0.000485936223438,1.79384,0.164862
0.000486936223438,1.75364,0.148781
0.000487936223438,1.75364,0.156822
0.000488936223437,1.75364,0.148781
0.000489936223438,1.79384,0.140741
0.000490936223438,1.79384,0.132701
0.000491936223437,1.75364,0.132701
0.000492936223438,1.79384,0.132701
0.000493936223438,1.79384,0.124661
0.000494936223438,1.75364,0.116621
0.000495936223438,1.75364,0.116621
0.000496936223437,1.75364,0.10858
0.000497936223438,1.75364,0.10054
0.000498936223438,1.75364,0.0925
0.000499936223438,1.75364,0.0925
0.000500936223438,1.71344,0.0844598
0.000501936223437,1.75364,0.0764196
0.000502936223438,1.75364,0.0844598
0.000503936223438,1.71344,0.0764196
0.000504936223437,1.75364,0.0764196
0.000505936223438,1.71344,0.0683794
0.000506936223437,1.71344,0.0603392
0.000507936223438,1.71344,0.052299
0.000508936223438,1.75364,0.052299
0.000509936223437,1.71344,0.0442588
0.000510936223438,1.71344,0.0442588
0.000511936223438,1.71344,0.0442588
0.000512936223438,1.71344,0.0362186
0.000513936223438,1.71344,0.0362186
0.000514936223437,1.71344,0.0362186
0.000515936223438,1.67324,0.0362186
0.000516936223438,1.67324,0.0281784
0.000517936223438,1.67324,0.0362186
0.000518936223438,1.67324,0.0281784
0.000519936223437,1.67324,0.0281784
0.000520936223438,1.67324,0.0201382
0.000521936223438,1.71344,0.0281784
0.000522936223437,1.67324,0.0281784
0.000523936223438,1.67324,0.0201382
0.000524936223437,1.67324,0.0201382
0.000525936223438,1.67324,0.0281784
0.000526936223438,1.71344,0.0201382
0.000527936223437,1.67324,0.0201382
0.000528936223438,1.67324,0.0281784
0.000529936223438,1.63304,0.0201382
0.000530936223438,1.63304,0.0201382
0.000531936223438,1.63304,0.0281784
0.000532936223437,1.63304,0.0281784
0.000533936223438,1.63304,0.0281784
0.000534936223438,1.63304,0.0362186
0.000535936223438,1.63304,0.0362186
0.000536936223438,1.59284,0.0362186
0.000537936223437,1.63304,0.0362186
0.000538936223438,1.63304,0.0281784
0.000539936223438,1.59284,0.0442588
0.000540936223437,1.59284,0.0362186
0.000541936223438,1.55264,0.0442588
0.000542936223438,1.59284,0.0362186
0.000543936223438,1.59284,0.0362186
0.000544936223438,1.59284,0.0442588
0.000545936223437,1.63304,0.0442588
0.000546936223438,1.59284,0.0442588
0.000547936223438,1.59284,0.052299
0.000548936223438,1.59284,0.0442588
0.000549936223438,1.59284,0.052299
0.000550936223437,1.55264,0.0442588
0.000551936223438,1.59284,0.0603392
0.000552936223438,1.63304,0.0603392
0.000553936223437,1.55264,0.0603392
0.000554936223438,1.55264,0.0603392
0.000555936223437,1.55264,0.052299
0.000556936223438,1.59284,0.0603392
0.000557936223438,1.55264,0.0603392
0.000558936223437,1.55264,0.0603392
0.000559936223438,1.55264,0.0603392
0.000560936223438,1.55264,0.0603392
0.000561936223438,1.55264,0.0603392
0.000562936223438,1.59284,0.052299
0.000563936223437,1.59284,0.0603392
0.000564936223438,1.51244,0.0603392
0.000565936223438,1.55264,0.0603392
0.000566936223438,1.55264,0.052299
0.000567936223438,1.55264,0.0603392
0.000568936223437,1.59284,0.052299
0.000569936223438,1.51244,0.0442588
0.000570936223438,1.51244,0.0442588
0.000571936223437,1.55264,0.0362186
0.000572936223438,1.51244,0.0281784
0.000573936223437,1.47224,0.0362186
0.000574936223438,1.51244,0.0281784
0.000575936223438,1.51244,0.0281784
0.000576936223437,1.47224,0.0281784
0.000577936223438,1.51244,0.0281784
0.000578936223438,1.47224,0.0281784
0.000579936223438,1.47224,0.0201382
0.000580936223438,1.51244,0.0201382
0.000581936223437,1.47224,0.0201382
0.000582936223438,1.47224,0.012098
0.000583936223438,1.51244,0.00405779
0.000584936223437,1.47224,0.00405779
0.000585936223438,1.47224,-0.00398241
0.000586936223437,1.47224,0.00405779
0.000587936223438,1.47224,0.00405779
0.000588936223438,1.47224,0.00405779
0.000589936223437,1.47224,0.00405779
0.000590936223438,1.47224,-0.00398241
0.000591936223437,1.47224,-0.00398241
0.000592936223438,1.47224,-0.0120226
0.000593936223438,1.43204,-0.00398241
0.000594936223437,1.47224,-0.00398241
0.000595936223438,1.47224,0.00405779
0.000596936223438,1.51244,-0.00398241
0.000597936223438,1.43204,-0.00398241
0.000598936223438,1.47224,-0.00398241
0.000599936223437,1.39183,-0.00398241
0.000600936223438,1.39183,-0.00398241
0.000601936223438,1.47224,0.00405779
0.000602936223437,1.39183,-0.00398241
0.000603936223438,1.43204,-0.00398241
0.000604936223437,1.43204,-0.00398241
0.000605936223438,1.39183,0.00405779
0.000606936223438,1.39183,0.00405779
0.000607936223437,1.39183,0.012098
0.000608936223438,1.39183,0.012098
0.000609936223438,1.43204,0.00405779
0.000610936223438,1.39183,0.012098
0.000611936223438,1.39183,0.012098
0.000612936223437,1.39183,0.012098
0.000613936223438,1.39183,0.0201382
0.000614936223438,1.39183,0.012098
0.000615936223438,1.39183,0.0201382
0.000616936223438,1.35163,0.0201382
0.000617936223437,1.35163,0.0201382
0.000618936223438,1.39183,0.012098
0.000619936223438,1.35163,0.0201382
0.000620936223437,1.35163,0.012098
0.000621936223438,1.39183,0.012098
0.000622936223437,1.35163,0.00405779
0.000623936223438,1.35163,0.0201382
0.000624936223438,1.39183,0.0201382
0.000625936223437,1.35163,0.00405779
0.000626936223438,1.35163,0.012098
0.000627936223438,1.35163,0.012098
0.000628936223438,1.35163,0.012098
0.000629936223438,1.35163,0.012098
0.000630936223437,1.35163,0.00405779
0.000631936223438,1.31143,0.00405779
0.000632936223438,1.35163,0.00405779
0.000633936223437,1.39183,-0.00398241
0.000634936223438,1.31143,0.00405779
0.000635936223437,1.35163,-0.00398241
0.000636936223438,1.27123,-0.00398241
0.000637936223438,1.31143,-0.0120226
0.000638936223437,1.31143,-0.0200628
0.000639936223438,1.27123,-0.0120226
0.000640936223437,1.27123,-0.0120226
0.000641936223438,1.27123,-0.0200628
0.000642936223438,1.31143,-0.028103
0.000643936223437,1.35163,-0.0361432
0.000644936223438,1.27123,-0.0361432
0.000645936223438,1.35163,-0.0522236
0.000646936223438,1.27123,-0.0441834
0.000647936223438,1.31143,-0.0441834
0.000648936223437,1.27123,-0.0522236
0.000649936223438,1.27123,-0.0602638
0.000650936223438,1.27123,-0.068304
0.000651936223437,1.23103,-0.0763442
0.000652936223438,1.27123,-0.0843844
0.000653936223437,1.23103,-0.0843844
0.000654936223438,1.27123,-0.0924246
0.000655936223438,1.27123,-0.100465
0.000656936223437,1.27123,-0.108505
0.000657936223438,1.23103,-0.116545
0.000658936223438,1.23103,-0.124585
0.000659936223438,1.23103,-0.124585
0.000660936223438,1.23103,-0.132626
0.000661936223437,1.27123,-0.140666
0.000662936223438,1.23103,-0.140666
0.000663936223438,1.23103,-0.156746
0.000664936223438,1.23103,-0.164786
0.000665936223438,1.23103,-0.172827
0.000666936223437,1.23103,-0.180867
0.000667936223438,1.19083,-0.180867
0.000668936223438,1.19083,-0.180867
0.000669936223437,1.19083,-0.188907
0.000670936223438,1.19083,-0.196947
0.000671936223437,1.23103,-0.196947
0.000672936223438,1.19083,-0.213028
0.000673936223438,1.23103,-0.213028
0.000674936223437,1.19083,-0.229108
0.000675936223438,1.19083,-0.221068
0.000676936223438,1.15063,-0.221068
0.000677936223438,1.19083,-0.237148
0.000678936223438,1.23103,-0.237148
0.000679936223437,1.15063,-0.237148
0.000680936223438,1.19083,-0.245188
0.000681936223438,1.19083,-0.245188
0.000682936223437,1.19083,-0.253229
0.000683936223438,1.15063,-0.253229
0.000684936223437,1.19083,-0.253229
0.000685936223438,1.15063,-0.253229
0.000686936223438,1.19083,-0.261269
0.000687936223437,1.15063,-0.253229
0.000688936223438,1.19083,-0.253229
0.000689936223437,1.15063,-0.261269
0.000690936223438,1.15063,-0.261269
0.000691936223438,1.15063,-0.253229
0.000692936223437,1.15063,-0.261269
0.000693936223438,1.11043,-0.261269
0.000694936223438,1.11043,-0.253229
0.000695936223438,1.15063,-0.261269
0.000696936223438,1.15063,-0.261269
0.000697936223437,1.15063,-0.261269
0.000698936223438,1.11043,-0.261269
0.000699936223438,1.15063,-0.261269
0.000700936223437,1.15063,-0.253229
0.000701936223438,1.11043,-0.253229
0.000702936223437,1.11043,-0.253229
0.000703936223438,1.15063,-0.261269
0.000704936223438,1.07023,-0.253229
0.000705936223437,1.11043,-0.253229
0.000706936223438,1.11043,-0.261269
0.000707936223437,1.15063,-0.253229
0.000708936223438,1.11043,-0.261269
0.000709936223438,1.07023,-0.253229
0.000710936223437,1.07023,-0.253229
0.000711936223438,1.11043,-0.253229
0.000712936223438,1.11043,-0.261269
0.000713936223438,1.11043,-0.261269
0.000714936223438,1.11043,-0.269309
0.000715936223437,1.07023,-0.261269
0.000716936223438,1.07023,-0.269309
0.000717936223438,1.07023,-0.269309
0.000718936223437,1.07023,-0.277349
0.000719936223438,1.11043,-0.269309
0.000720936223437,1.07023,-0.269309
0.000721936223438,1.03003,-0.277349
0.000722936223438,1.07023,-0.277349
0.000723936223437,1.03003,-0.277349
0.000724936223438,1.07023,-0.285389
0.000725936223438,1.03003,-0.29343
0.000726936223438,1.03003,-0.285389
0.000727936223438,1.03003,-0.29343
0.000728936223437,1.03003,-0.29343
0.000729936223438,1.03003,-0.29343
0.000730936223438,1.03003,-0.29343
0.000731936223437,0.989824,-0.30951
0.000732936223438,0.989824,-0.30951
0.000733936223437,0.989824,-0.30951
0.000734936223438,1.03003,-0.32559
0.000735936223438,0.989824,-0.31755
0.000736936223437,0.989824,-0.32559
0.000737936223438,0.989824,-0.32559
0.000738936223437,0.989824,-0.333631
0.000739936223438,0.989824,-0.333631
0.000740936223438,0.989824,-0.341671
0.000741936223437,0.989824,-0.341671
0.000742936223438,0.949623,-0.349711
0.000743936223438,0.949623,-0.349711
0.000744936223438,0.989824,-0.341671
0.000745936223438,0.989824,-0.349711
0.000746936223437,0.989824,-0.357751
0.000747936223438,0.989824,-0.349711
0.000748936223438,0.989824,-0.357751
0.000749936223437,0.989824,-0.365791
0.000750936223438,0.989824,-0.357751
0.000751936223437,0.949623,-0.357751
0.000752936223438,0.949623,-0.357751
0.000753936223438,0.949623,-0.357751
0.000754936223437,0.949623,-0.365791
0.000755936223438,0.949623,-0.357751
0.000756936223437,0.949623,-0.365791
0.000757936223438,0.949623,-0.365791
0.000758936223438,0.949623,-0.365791
0.000759936223437,0.949623,-0.357751
0.000760936223438,0.909422,-0.357751
0.000761936223438,0.909422,-0.349711
0.000762936223438,0.949623,-0.357751
0.000763936223438,0.909422,-0.357751
0.000764936223437,0.949623,-0.357751
0.000765936223438,0.909422,-0.349711
0.000766936223438,0.909422,-0.357751
0.000767936223437,0.909422,-0.349711
0.000768936223438,0.909422,-0.357751
0.000769936223437,0.909422,-0.357751
0.000770936223438,0.909422,-0.357751
0.000771936223438,0.909422,-0.365791
0.000772936223437,0.909422,-0.365791
0.000773936223438,0.909422,-0.365791
0.000774936223438,0.869221,-0.365791
0.000775936223438,0.909422,-0.373832
0.000776936223438,0.869221,-0.381872
0.000777936223437,0.909422,-0.381872
0.000778936223438,0.869221,-0.381872
0.000779936223438,0.869221,-0.381872
0.000780936223437,0.869221,-0.389912
0.000781936223438,0.82902,-0.389912
0.000782936223437,0.869221,-0.405992
0.000783936223438,0.869221,-0.414033
0.000784936223438,0.869221,-0.414033
0.000785936223437,0.869221,-0.422073
0.000786936223438,0.869221,-0.430113
0.000787936223437,0.869221,-0.438153
0.000788936223438,0.869221,-0.446193
0.000789936223438,0.82902,-0.438153
0.000790936223437,0.869221,-0.446193
0.000791936223438,0.82902,-0.462274
0.000792936223438,0.82902,-0.462274
0.000793936223438,0.869221,-0.470314
0.000794936223438,0.82902,-0.478354
0.000795936223437,0.82902,-0.486394
0.000796936223438,0.82902,-0.494435
0.000797936223438,0.82902,-0.502475
0.000798936223437,0.82902,-0.510515
0.000799936223438,0.82902,-0.510515
0.000800936223437,0.82902,-0.526595
0.000801936223438,0.869221,-0.518555
0.000802936223438,0.82902,-0.542676
0.000803936223437,0.869221,-0.542676
0.000804936223438,0.82902,-0.542676
0.000805936223437,0.82902,-0.550716
0.000806936223438,0.82902,-0.558756
0.000807936223438,0.82902,-0.566796
0.000808936223437,0.788819,-0.566796
0.000809936223438,0.788819,-0.566796
0.000810936223438,0.788819,-0.574837
0.000811936223438,0.788819,-0.574837
0.000812936223438,0.82902,-0.574837
0.000813936223437,0.788819,-0.566796
0.000814936223438,0.82902,-0.558756
0.000815936223438,0.82902,-0.550716
0.000816936223437,0.82902,-0.550716
0.000817936223438,0.82902,-0.542676
0.000818936223437,0.82902,-0.542676
0.000819936223438,0.82902,-0.542676
0.000820936223438,0.869221,-0.526595
0.000821936223437,0.82902,-0.518555
0.000822936223438,0.788819,-0.518555
0.000823936223438,0.82902,-0.502475
0.000824936223438,0.869221,-0.502475
0.000825936223438,0.869221,-0.494435
0.000826936223437,0.869221,-0.486394
0.000827936223438,0.82902,-0.478354
0.000828936223438,0.82902,-0.470314
0.000829936223437,0.82902,-0.470314
0.000830936223438,0.869221,-0.462274
0.000831936223437,0.869221,-0.446193
0.000832936223438,0.869221,-0.446193
0.000833936223438,0.869221,-0.438153
0.000834936223437,0.869221,-0.430113
0.000835936223438,0.909422,-0.422073
0.000836936223437,0.869221,-0.430113
0.000837936223438,0.869221,-0.405992
0.000838936223438,0.869221,-0.405992
0.000839936223437,0.909422,-0.405992
0.000840936223438,0.909422,-0.389912
0.000841936223438,0.869221,-0.389912
0.000842936223438,0.909422,-0.381872
0.000843936223438,0.909422,-0.381872
0.000844936223437,0.869221,-0.373832
0.000845936223438,0.869221,-0.373832
0.000846936223438,0.909422,-0.365791
0.000847936223437,0.909422,-0.357751
0.000848936223438,0.909422,-0.357751
0.000849936223437,0.909422,-0.357751
0.000850936223438,0.949623,-0.357751
0.000851936223438,0.949623,-0.365791
0.000852936223437,0.909422,-0.357751
0.000853936223438,0.909422,-0.349711
0.000854936223437,0.949623,-0.357751
0.000855936223438,0.949623,-0.349711
0.000856936223438,0.909422,-0.349711
0.000857936223437,0.909422,-0.357751
0.000858936223438,0.949623,-0.357751
0.000859936223438,0.989824,-0.349711
0.000860936223438,0.949623,-0.357751
0.000861936223438,0.989824,-0.365791
0.000862936223437,0.989824,-0.349711
0.000863936223438,0.949623,-0.357751
0.000864936223438,1.03003,-0.357751
0.000865936223437,0.949623,-0.357751
0.000866936223438,0.949623,-0.349711
0.000867936223437,0.989824,-0.357751
0.000868936223438,0.949623,-0.357751
0.000869936223438,0.989824,-0.357751
0.000870936223437,0.949623,-0.349711
0.000871936223438,0.949623,-0.357751
0.000872936223437,0.989824,-0.349711
0.000873936223438,0.989824,-0.349711
0.000874936223438,1.03003,-0.357751
0.000875936223437,1.03003,-0.341671
0.000876936223438,0.949623,-0.341671
0.000877936223438,0.989824,-0.349711
0.000878936223437,0.989824,-0.333631
0.000879936223438,0.989824,-0.341671
0.000880936223437,0.989824,-0.333631
0.000881936223438,0.989824,-0.333631
0.000882936223438,1.03003,-0.333631
0.000883936223437,1.03003,-0.32559
0.000884936223438,1.03003,-0.32559
0.000885936223437,0.989824,-0.31755
0.000886936223438,1.03003,-0.31755
0.000887936223438,1.03003,-0.30951
0.000888936223437,0.989824,-0.30951
0.000889936223438,1.03003,-0.30147
0.000890936223438,1.03003,-0.29343
0.000891936223438,1.03003,-0.30147
0.000892936223438,1.03003,-0.29343
0.000893936223437,1.07023,-0.285389
0.000894936223438,1.07023,-0.277349
0.000895936223438,1.03003,-0.285389
0.000896936223437,1.07023,-0.29343
0.000897936223438,1.03003,-0.277349
0.000898936223437,1.07023,-0.285389
0.000899936223438,1.07023,-0.269309
0.000900936223438,1.03003,-0.269309
0.000901936223437,1.07023,-0.261269
0.000902936223438,1.07023,-0.261269
0.000903936223437,1.03003,-0.261269
0.000904936223438,1.07023,-0.261269
0.000905936223438,1.11043,-0.261269
0.000906936223437,1.07023,-0.253229
0.000907936223438,1.07023,-0.253229
0.000908936223438,1.07023,-0.253229
0.000909936223437,1.11043,-0.253229
0.000910936223438,1.11043,-0.253229
0.000911936223437,1.07023,-0.253229
0.000912936223438,1.11043,-0.245188
0.000913936223438,1.11043,-0.253229
0.000914936223437,1.15063,-0.237148
0.000915936223438,1.11043,-0.253229
0.000916936223437,1.11043,-0.245188
0.000917936223438,1.15063,-0.237148
0.000918936223438,1.11043,-0.245188
0.000919936223437,1.11043,-0.245188
0.000920936223438,1.19083,-0.253229
0.000921936223437,1.11043,-0.245188
0.000922936223438,1.15063,-0.245188
0.000923936223438,1.15063,-0.245188
0.000924936223437,1.15063,-0.237148
0.000925936223438,1.15063,-0.245188
0.000926936223438,1.15063,-0.245188
0.000927936223437,1.15063,-0.245188
0.000928936223438,1.19083,-0.253229
0.000929936223437,1.15063,-0.245188
0.000930936223438,1.19083,-0.253229
0.000931936223438,1.15063,-0.253229
0.000932936223437,1.15063,-0.253229
0.000933936223438,1.15063,-0.253229
0.000934936223437,1.23103,-0.253229
0.000935936223438,1.19083,-0.245188
0.000936936223438,1.15063,-0.253229
0.000937936223437,1.23103,-0.253229
0.000938936223438,1.23103,-0.245188
0.000939936223438,1.15063,-0.245188
0.000940936223438,1.19083,-0.245188
0.000941936223438,1.19083,-0.237148
0.000942936223437,1.15063,-0.237148
0.000943936223438,1.23103,-0.229108
0.000944936223438,1.19083,-0.229108
0.000945936223437,1.19083,-0.221068
0.000946936223438,1.23103,-0.221068
0.000947936223437,1.19083,-0.213028
0.000948936223438,1.19083,-0.213028
0.000949936223438,1.23103,-0.204987
0.000950936223437,1.23103,-0.204987
0.000951936223438,1.23103,-0.188907
0.000952936223437,1.23103,-0.188907
0.000953936223438,1.19083,-0.188907
0.000954936223437,1.23103,-0.172827
0.000955936223437,1.23103,-0.164786
0.000956936223438,1.23103,-0.156746
0.000957936223438,1.23103,-0.156746
0.000958936223437,1.27123,-0.140666
0.000959936223438,1.23103,-0.140666
0.000960936223438,1.27123,-0.140666
0.000961936223437,1.27123,-0.124585
0.000962936223438,1.23103,-0.124585
0.000963936223438,1.27123,-0.124585
0.000964936223437,1.27123,-0.116545
0.000965936223437,1.27123,-0.100465
0.000966936223438,1.27123,-0.0924246
0.000967936223437,1.27123,-0.0924246
0.000968936223437,1.27123,-0.0843844
0.000969936223438,1.27123,-0.0763442
0.000970936223438,1.31143,-0.0763442
0.000971936223437,1.27123,-0.0602638
0.000972936223438,1.31143,-0.0522236
0.000973936223438,1.31143,-0.0522236
0.000974936223437,1.31143,-0.0361432
0.000975936223438,1.27123,-0.028103
0.000976936223438,1.31143,-0.028103
0.000977936223437,1.31143,-0.0441834
0.000978936223437,1.31143,-0.0200628
0.000979936223438,1.31143,-0.0200628
0.000980936223438,1.31143,-0.028103
0.000981936223437,1.35163,-0.0200628
0.000982936223438,1.35163,-0.0200628
0.000983936223438,1.35163,-0.00398241
0.000984936223437,1.31143,-0.00398241
0.000985936223438,1.35163,-0.00398241
0.000986936223438,1.35163,-0.00398241
0.000987936223437,1.35163,0.00405779
0.000988936223437,1.35163,0.00405779
0.000989936223438,1.35163,0.012098
0.000990936223437,1.35163,0.012098
0.000991936223437,1.35163,0.012098
0.000992936223438,1.35163,0.012098
0.000993936223438,1.35163,0.012098
0.000994936223437,1.35163,0.0201382
0.000995936223438,1.35163,0.0201382
0.000996936223438,1.35163,0.0201382
0.000997936223437,1.35163,0.0201382
0.000998936223438,1.39183,0.0201382
